--
-- PostgreSQL database dump
--

SET statement_timeout = 0;
SET lock_timeout = 0;
SET client_encoding = 'UTF8';
SET standard_conforming_strings = on;
SET check_function_bodies = false;
SET client_min_messages = warning;

SET search_path = public, pg_catalog;

SET default_tablespace = '';

SET default_with_oids = false;

--
-- Name: jano_bloque; Type: TABLE; Schema: public; Owner: jano_admin; Tablespace: 
--

CREATE TABLE jano_bloque (
    id_bloque integer NOT NULL,
    nombre character(50) NOT NULL,
    descripcion character(255) DEFAULT NULL::bpchar,
    grupo character(200) NOT NULL
);


ALTER TABLE jano_bloque OWNER TO jano_admin;

--
-- Name: jano_bloque_id_bloque_seq; Type: SEQUENCE; Schema: public; Owner: jano_admin
--

CREATE SEQUENCE jano_bloque_id_bloque_seq
    START WITH 1
    INCREMENT BY 1
    NO MINVALUE
    NO MAXVALUE
    CACHE 1;


ALTER TABLE jano_bloque_id_bloque_seq OWNER TO jano_admin;

--
-- Name: jano_bloque_id_bloque_seq; Type: SEQUENCE OWNED BY; Schema: public; Owner: jano_admin
--

ALTER SEQUENCE jano_bloque_id_bloque_seq OWNED BY jano_bloque.id_bloque;


--
-- Name: jano_bloque_pagina; Type: TABLE; Schema: public; Owner: jano_admin; Tablespace: 
--

CREATE TABLE jano_bloque_pagina (
    idrelacion integer NOT NULL,
    id_pagina integer DEFAULT 0 NOT NULL,
    id_bloque integer DEFAULT 0 NOT NULL,
    seccion character(1) NOT NULL,
    posicion integer DEFAULT 0 NOT NULL
);


ALTER TABLE jano_bloque_pagina OWNER TO jano_admin;

--
-- Name: jano_bloque_pagina_idrelacion_seq; Type: SEQUENCE; Schema: public; Owner: jano_admin
--

CREATE SEQUENCE jano_bloque_pagina_idrelacion_seq
    START WITH 1
    INCREMENT BY 1
    NO MINVALUE
    NO MAXVALUE
    CACHE 1;


ALTER TABLE jano_bloque_pagina_idrelacion_seq OWNER TO jano_admin;

--
-- Name: jano_bloque_pagina_idrelacion_seq; Type: SEQUENCE OWNED BY; Schema: public; Owner: jano_admin
--

ALTER SEQUENCE jano_bloque_pagina_idrelacion_seq OWNED BY jano_bloque_pagina.idrelacion;


--
-- Name: jano_configuracion; Type: TABLE; Schema: public; Owner: jano_admin; Tablespace: 
--

CREATE TABLE jano_configuracion (
    id_parametro integer NOT NULL,
    parametro character(255) NOT NULL,
    valor character(255) NOT NULL
);


ALTER TABLE jano_configuracion OWNER TO jano_admin;

--
-- Name: jano_configuracion_id_parametro_seq; Type: SEQUENCE; Schema: public; Owner: jano_admin
--

CREATE SEQUENCE jano_configuracion_id_parametro_seq
    START WITH 1
    INCREMENT BY 1
    NO MINVALUE
    NO MAXVALUE
    CACHE 1;


ALTER TABLE jano_configuracion_id_parametro_seq OWNER TO jano_admin;

--
-- Name: jano_configuracion_id_parametro_seq; Type: SEQUENCE OWNED BY; Schema: public; Owner: jano_admin
--

ALTER SEQUENCE jano_configuracion_id_parametro_seq OWNED BY jano_configuracion.id_parametro;


--
-- Name: jano_dbms; Type: TABLE; Schema: public; Owner: jano_admin; Tablespace: 
--

CREATE TABLE jano_dbms (
    idconexion integer NOT NULL,
    nombre character varying(50) NOT NULL,
    dbms character varying(20) NOT NULL,
    servidor character varying(50) NOT NULL,
    puerto integer NOT NULL,
    conexionssh character varying(50) NOT NULL,
    db character varying(100) NOT NULL,
    esquema character varying(100) NOT NULL,
    usuario character varying(100) NOT NULL,
    password character varying(200) NOT NULL
);


ALTER TABLE jano_dbms OWNER TO jano_admin;

--
-- Name: jano_dbms_idconexion_seq; Type: SEQUENCE; Schema: public; Owner: jano_admin
--

CREATE SEQUENCE jano_dbms_idconexion_seq
    START WITH 1
    INCREMENT BY 1
    NO MINVALUE
    NO MAXVALUE
    CACHE 1;


ALTER TABLE jano_dbms_idconexion_seq OWNER TO jano_admin;

--
-- Name: jano_dbms_idconexion_seq; Type: SEQUENCE OWNED BY; Schema: public; Owner: jano_admin
--

ALTER SEQUENCE jano_dbms_idconexion_seq OWNED BY jano_dbms.idconexion;


--
-- Name: jano_enlace; Type: TABLE; Schema: public; Owner: jano_admin; Tablespace: 
--

CREATE TABLE jano_enlace (
    id_enlace integer NOT NULL,
    nombre character varying(255),
    etiqueta character varying(100) NOT NULL,
    descripcion text,
    url_host_enlace character varying(100),
    pagina_enlace character varying(100) NOT NULL,
    parametros text
);


ALTER TABLE jano_enlace OWNER TO jano_admin;

--
-- Name: COLUMN jano_enlace.parametros; Type: COMMENT; Schema: public; Owner: jano_admin
--

COMMENT ON COLUMN jano_enlace.parametros IS 'Parametros estilo php, para funcionamiento de la pagina. par=1&par2=2';


--
-- Name: jano_enlace_id_enlace_seq; Type: SEQUENCE; Schema: public; Owner: jano_admin
--

CREATE SEQUENCE jano_enlace_id_enlace_seq
    START WITH 1
    INCREMENT BY 1
    NO MINVALUE
    NO MAXVALUE
    CACHE 1;


ALTER TABLE jano_enlace_id_enlace_seq OWNER TO jano_admin;

--
-- Name: jano_enlace_id_enlace_seq; Type: SEQUENCE OWNED BY; Schema: public; Owner: jano_admin
--

ALTER SEQUENCE jano_enlace_id_enlace_seq OWNED BY jano_enlace.id_enlace;


--
-- Name: jano_estado_registro; Type: TABLE; Schema: public; Owner: jano_admin; Tablespace: 
--

CREATE TABLE jano_estado_registro (
    estado_registro_id integer NOT NULL,
    estado_registro_nombre text NOT NULL,
    estado_registro_alias text NOT NULL,
    estado_registro_descripcion text NOT NULL
);


ALTER TABLE jano_estado_registro OWNER TO jano_admin;

--
-- Name: jano_estado_registro_estado_registro_id_seq; Type: SEQUENCE; Schema: public; Owner: jano_admin
--

CREATE SEQUENCE jano_estado_registro_estado_registro_id_seq
    START WITH 1
    INCREMENT BY 1
    NO MINVALUE
    NO MAXVALUE
    CACHE 1;


ALTER TABLE jano_estado_registro_estado_registro_id_seq OWNER TO jano_admin;

--
-- Name: jano_estado_registro_estado_registro_id_seq; Type: SEQUENCE OWNED BY; Schema: public; Owner: jano_admin
--

ALTER SEQUENCE jano_estado_registro_estado_registro_id_seq OWNED BY jano_estado_registro.estado_registro_id;


--
-- Name: jano_estilo; Type: TABLE; Schema: public; Owner: jano_admin; Tablespace: 
--

CREATE TABLE jano_estilo (
    usuario character(50) DEFAULT '0'::bpchar NOT NULL,
    estilo character(50) NOT NULL
);


ALTER TABLE jano_estilo OWNER TO jano_admin;

--
-- Name: jano_grupo_aplicacion; Type: TABLE; Schema: public; Owner: jano_admin; Tablespace: 
--

CREATE TABLE jano_grupo_aplicacion (
    grupo_aplicacion_id integer NOT NULL,
    grupo_aplicacion_nombre text NOT NULL,
    grupo_aplicacion_alias text NOT NULL,
    grupo_aplicacion_descripcion text NOT NULL
);


ALTER TABLE jano_grupo_aplicacion OWNER TO jano_admin;

--
-- Name: jano_grupo_aplicacion_grupo_aplicacion_id_seq; Type: SEQUENCE; Schema: public; Owner: jano_admin
--

CREATE SEQUENCE jano_grupo_aplicacion_grupo_aplicacion_id_seq
    START WITH 1
    INCREMENT BY 1
    NO MINVALUE
    NO MAXVALUE
    CACHE 1;


ALTER TABLE jano_grupo_aplicacion_grupo_aplicacion_id_seq OWNER TO jano_admin;

--
-- Name: jano_grupo_aplicacion_grupo_aplicacion_id_seq; Type: SEQUENCE OWNED BY; Schema: public; Owner: jano_admin
--

ALTER SEQUENCE jano_grupo_aplicacion_grupo_aplicacion_id_seq OWNED BY jano_grupo_aplicacion.grupo_aplicacion_id;


--
-- Name: jano_grupo_menu; Type: TABLE; Schema: public; Owner: jano_admin; Tablespace: 
--

CREATE TABLE jano_grupo_menu (
    id_grupo integer NOT NULL,
    id_menu integer NOT NULL,
    nombre character varying(255) NOT NULL,
    etiqueta character varying(100) NOT NULL,
    descripcion text,
    estado integer NOT NULL,
    id_grupo_padre integer,
    posicion integer
);


ALTER TABLE jano_grupo_menu OWNER TO jano_admin;

--
-- Name: jano_grupo_menu_id_grupo_seq; Type: SEQUENCE; Schema: public; Owner: jano_admin
--

CREATE SEQUENCE jano_grupo_menu_id_grupo_seq
    START WITH 1
    INCREMENT BY 1
    NO MINVALUE
    NO MAXVALUE
    CACHE 1;


ALTER TABLE jano_grupo_menu_id_grupo_seq OWNER TO jano_admin;

--
-- Name: jano_grupo_menu_id_grupo_seq; Type: SEQUENCE OWNED BY; Schema: public; Owner: jano_admin
--

ALTER SEQUENCE jano_grupo_menu_id_grupo_seq OWNED BY jano_grupo_menu.id_grupo;


--
-- Name: jano_log_usuario; Type: TABLE; Schema: public; Owner: jano_admin; Tablespace: 
--

CREATE TABLE jano_log_usuario (
    id_usuario character varying(25) NOT NULL,
    accion character varying(100) NOT NULL,
    id_registro character varying(100) NOT NULL,
    tipo_registro character varying(100) NOT NULL,
    fecha_log character varying(100) NOT NULL,
    nombre_registro text NOT NULL,
    descripcion text NOT NULL,
    host character varying(50) NOT NULL
);


ALTER TABLE jano_log_usuario OWNER TO jano_admin;

--
-- Name: TABLE jano_log_usuario; Type: COMMENT; Schema: public; Owner: jano_admin
--

COMMENT ON TABLE jano_log_usuario IS 'Log de actividades del sistema';


--
-- Name: COLUMN jano_log_usuario.id_usuario; Type: COMMENT; Schema: public; Owner: jano_admin
--

COMMENT ON COLUMN jano_log_usuario.id_usuario IS 'Identificación del usuario que realiza la acción';


--
-- Name: COLUMN jano_log_usuario.accion; Type: COMMENT; Schema: public; Owner: jano_admin
--

COMMENT ON COLUMN jano_log_usuario.accion IS 'Accion que realiza el usuario, Consulta, actualización, borrado o registro.';


--
-- Name: COLUMN jano_log_usuario.id_registro; Type: COMMENT; Schema: public; Owner: jano_admin
--

COMMENT ON COLUMN jano_log_usuario.id_registro IS 'Identificacion para el registro afectado';


--
-- Name: COLUMN jano_log_usuario.tipo_registro; Type: COMMENT; Schema: public; Owner: jano_admin
--

COMMENT ON COLUMN jano_log_usuario.tipo_registro IS 'Tipo de registro afectado, identificado por proceso o subsistema';


--
-- Name: COLUMN jano_log_usuario.fecha_log; Type: COMMENT; Schema: public; Owner: jano_admin
--

COMMENT ON COLUMN jano_log_usuario.fecha_log IS 'Fecha en que se registra el evento';


--
-- Name: COLUMN jano_log_usuario.descripcion; Type: COMMENT; Schema: public; Owner: jano_admin
--

COMMENT ON COLUMN jano_log_usuario.descripcion IS 'Descripción breve de la acción';


--
-- Name: COLUMN jano_log_usuario.host; Type: COMMENT; Schema: public; Owner: jano_admin
--

COMMENT ON COLUMN jano_log_usuario.host IS 'Host desde que se realiza la acción';


--
-- Name: jano_logger; Type: TABLE; Schema: public; Owner: jano_admin; Tablespace: 
--

CREATE TABLE jano_logger (
    id integer NOT NULL,
    evento character(255) NOT NULL,
    fecha character(50) NOT NULL
);


ALTER TABLE jano_logger OWNER TO jano_admin;

--
-- Name: jano_logger_id_seq; Type: SEQUENCE; Schema: public; Owner: jano_admin
--

CREATE SEQUENCE jano_logger_id_seq
    START WITH 1
    INCREMENT BY 1
    NO MINVALUE
    NO MAXVALUE
    CACHE 1;


ALTER TABLE jano_logger_id_seq OWNER TO jano_admin;

--
-- Name: jano_logger_id_seq; Type: SEQUENCE OWNED BY; Schema: public; Owner: jano_admin
--

ALTER SEQUENCE jano_logger_id_seq OWNED BY jano_logger.id;


--
-- Name: jano_menu; Type: TABLE; Schema: public; Owner: jano_admin; Tablespace: 
--

CREATE TABLE jano_menu (
    id_menu integer NOT NULL,
    nombre character varying(255) NOT NULL,
    etiqueta character varying(100),
    descripcion text NOT NULL,
    estado integer NOT NULL
);


ALTER TABLE jano_menu OWNER TO jano_admin;

--
-- Name: jano_menu_id_menu_seq; Type: SEQUENCE; Schema: public; Owner: jano_admin
--

CREATE SEQUENCE jano_menu_id_menu_seq
    START WITH 1
    INCREMENT BY 1
    NO MINVALUE
    NO MAXVALUE
    CACHE 1;


ALTER TABLE jano_menu_id_menu_seq OWNER TO jano_admin;

--
-- Name: jano_menu_id_menu_seq; Type: SEQUENCE OWNED BY; Schema: public; Owner: jano_admin
--

ALTER SEQUENCE jano_menu_id_menu_seq OWNED BY jano_menu.id_menu;


--
-- Name: jano_pagina; Type: TABLE; Schema: public; Owner: jano_admin; Tablespace: 
--

CREATE TABLE jano_pagina (
    id_pagina integer NOT NULL,
    nombre character(50) DEFAULT ''::bpchar NOT NULL,
    descripcion character(250) DEFAULT ''::bpchar NOT NULL,
    modulo character(50) DEFAULT ''::bpchar NOT NULL,
    nivel integer DEFAULT 0 NOT NULL,
    parametro character(255) NOT NULL
);


ALTER TABLE jano_pagina OWNER TO jano_admin;

--
-- Name: jano_pagina_id_pagina_seq; Type: SEQUENCE; Schema: public; Owner: jano_admin
--

CREATE SEQUENCE jano_pagina_id_pagina_seq
    START WITH 1
    INCREMENT BY 1
    NO MINVALUE
    NO MAXVALUE
    CACHE 1;


ALTER TABLE jano_pagina_id_pagina_seq OWNER TO jano_admin;

--
-- Name: jano_pagina_id_pagina_seq; Type: SEQUENCE OWNED BY; Schema: public; Owner: jano_admin
--

ALTER SEQUENCE jano_pagina_id_pagina_seq OWNED BY jano_pagina.id_pagina;


--
-- Name: jano_rol; Type: TABLE; Schema: public; Owner: jano_admin; Tablespace: 
--

CREATE TABLE jano_rol (
    rol_id integer NOT NULL,
    rol_nombre text NOT NULL,
    rol_alias text NOT NULL,
    rol_descripcion text NOT NULL,
    estado_registro_id integer NOT NULL,
    rol_fecha_registro date DEFAULT ('now'::text)::date NOT NULL
);


ALTER TABLE jano_rol OWNER TO jano_admin;

--
-- Name: jano_rol_rol_id_seq; Type: SEQUENCE; Schema: public; Owner: jano_admin
--

CREATE SEQUENCE jano_rol_rol_id_seq
    START WITH 1
    INCREMENT BY 1
    NO MINVALUE
    NO MAXVALUE
    CACHE 1;


ALTER TABLE jano_rol_rol_id_seq OWNER TO jano_admin;

--
-- Name: jano_rol_rol_id_seq; Type: SEQUENCE OWNED BY; Schema: public; Owner: jano_admin
--

ALTER SEQUENCE jano_rol_rol_id_seq OWNED BY jano_rol.rol_id;


--
-- Name: jano_subsistema; Type: TABLE; Schema: public; Owner: jano_admin; Tablespace: 
--

CREATE TABLE jano_subsistema (
    id_subsistema integer NOT NULL,
    nombre character varying(250) NOT NULL,
    etiketa character varying(100) NOT NULL,
    id_pagina integer DEFAULT 0 NOT NULL,
    observacion text
);


ALTER TABLE jano_subsistema OWNER TO jano_admin;

--
-- Name: jano_subsistema_id_subsistema_seq; Type: SEQUENCE; Schema: public; Owner: jano_admin
--

CREATE SEQUENCE jano_subsistema_id_subsistema_seq
    START WITH 1
    INCREMENT BY 1
    NO MINVALUE
    NO MAXVALUE
    CACHE 1;


ALTER TABLE jano_subsistema_id_subsistema_seq OWNER TO jano_admin;

--
-- Name: jano_subsistema_id_subsistema_seq; Type: SEQUENCE OWNED BY; Schema: public; Owner: jano_admin
--

ALTER SEQUENCE jano_subsistema_id_subsistema_seq OWNED BY jano_subsistema.id_subsistema;


--
-- Name: jano_rol_subsistema; Type: TABLE; Schema: public; Owner: jano_admin; Tablespace: 
--

CREATE TABLE jano_rol_subsistema (
    rol_id integer DEFAULT nextval('jano_rol_rol_id_seq'::regclass) NOT NULL,
    id_subsistema integer DEFAULT nextval('jano_subsistema_id_subsistema_seq'::regclass) NOT NULL,
    estado integer DEFAULT 1 NOT NULL
);


ALTER TABLE jano_rol_subsistema OWNER TO jano_admin;

--
-- Name: jano_servicio; Type: TABLE; Schema: public; Owner: jano_admin; Tablespace: 
--

CREATE TABLE jano_servicio (
    id_subsistema integer DEFAULT nextval('jano_subsistema_id_subsistema_seq'::regclass) NOT NULL,
    rol_id integer DEFAULT nextval('jano_rol_rol_id_seq'::regclass) NOT NULL,
    id_grupo integer NOT NULL,
    id_enlace integer NOT NULL,
    descripcion text,
    estado integer DEFAULT 1 NOT NULL
);


ALTER TABLE jano_servicio OWNER TO jano_admin;

--
-- Name: jano_tipo_identificacion; Type: TABLE; Schema: public; Owner: jano_admin; Tablespace: 
--

CREATE TABLE jano_tipo_identificacion (
    tipo_identificacion character varying(10) NOT NULL,
    tipo_nombre text NOT NULL,
    tipo_estado integer NOT NULL
);


ALTER TABLE jano_tipo_identificacion OWNER TO jano_admin;

--
-- Name: jano_usuario; Type: TABLE; Schema: public; Owner: jano_admin; Tablespace: 
--

CREATE TABLE jano_usuario (
    id_usuario character varying(25) NOT NULL,
    nombre character varying(50) DEFAULT ''::character varying NOT NULL,
    apellido character varying(50) DEFAULT ''::character varying NOT NULL,
    correo character varying(100) DEFAULT ''::character varying NOT NULL,
    telefono character varying(50) DEFAULT ''::character varying NOT NULL,
    imagen character(255) NOT NULL,
    clave character varying(100) DEFAULT ''::character varying NOT NULL,
    tipo character varying(255) DEFAULT ''::character varying NOT NULL,
    estilo character varying(50) DEFAULT 'basico'::character varying NOT NULL,
    idioma character varying(50) DEFAULT 'es_es'::character varying NOT NULL,
    estado integer DEFAULT 0 NOT NULL,
    fecha_registro date,
    identificacion integer DEFAULT 0 NOT NULL,
    tipo_identificacion character varying(10) DEFAULT 'CC'::character varying NOT NULL
);


ALTER TABLE jano_usuario OWNER TO jano_admin;

--
-- Name: jano_usuario_id_usuario_seq; Type: SEQUENCE; Schema: public; Owner: jano_admin
--

CREATE SEQUENCE jano_usuario_id_usuario_seq
    START WITH 1
    INCREMENT BY 1
    NO MINVALUE
    NO MAXVALUE
    CACHE 1;


ALTER TABLE jano_usuario_id_usuario_seq OWNER TO jano_admin;

--
-- Name: jano_usuario_id_usuario_seq; Type: SEQUENCE OWNED BY; Schema: public; Owner: jano_admin
--

ALTER SEQUENCE jano_usuario_id_usuario_seq OWNED BY jano_usuario.id_usuario;


--
-- Name: jano_usuario_subsistema; Type: TABLE; Schema: public; Owner: jano_admin; Tablespace: 
--

CREATE TABLE jano_usuario_subsistema (
    id_usuario character varying(25) DEFAULT 0 NOT NULL,
    id_subsistema integer DEFAULT 0 NOT NULL,
    rol_id integer DEFAULT nextval('jano_rol_rol_id_seq'::regclass) NOT NULL,
    fecha_registro date NOT NULL,
    fecha_caduca date NOT NULL,
    estado integer DEFAULT 0 NOT NULL
);


ALTER TABLE jano_usuario_subsistema OWNER TO jano_admin;

--
-- Name: jano_valor_sesion; Type: TABLE; Schema: public; Owner: jano_admin; Tablespace: 
--

CREATE TABLE jano_valor_sesion (
    sesionid character(32) NOT NULL,
    variable character(20) NOT NULL,
    valor character(255) NOT NULL,
    expiracion bigint DEFAULT 0 NOT NULL
);


ALTER TABLE jano_valor_sesion OWNER TO jano_admin;

--
-- Name: id_bloque; Type: DEFAULT; Schema: public; Owner: jano_admin
--

ALTER TABLE ONLY jano_bloque ALTER COLUMN id_bloque SET DEFAULT nextval('jano_bloque_id_bloque_seq'::regclass);


--
-- Name: idrelacion; Type: DEFAULT; Schema: public; Owner: jano_admin
--

ALTER TABLE ONLY jano_bloque_pagina ALTER COLUMN idrelacion SET DEFAULT nextval('jano_bloque_pagina_idrelacion_seq'::regclass);


--
-- Name: id_parametro; Type: DEFAULT; Schema: public; Owner: jano_admin
--

ALTER TABLE ONLY jano_configuracion ALTER COLUMN id_parametro SET DEFAULT nextval('jano_configuracion_id_parametro_seq'::regclass);


--
-- Name: idconexion; Type: DEFAULT; Schema: public; Owner: jano_admin
--

ALTER TABLE ONLY jano_dbms ALTER COLUMN idconexion SET DEFAULT nextval('jano_dbms_idconexion_seq'::regclass);


--
-- Name: id_enlace; Type: DEFAULT; Schema: public; Owner: jano_admin
--

ALTER TABLE ONLY jano_enlace ALTER COLUMN id_enlace SET DEFAULT nextval('jano_enlace_id_enlace_seq'::regclass);


--
-- Name: estado_registro_id; Type: DEFAULT; Schema: public; Owner: jano_admin
--

ALTER TABLE ONLY jano_estado_registro ALTER COLUMN estado_registro_id SET DEFAULT nextval('jano_estado_registro_estado_registro_id_seq'::regclass);


--
-- Name: grupo_aplicacion_id; Type: DEFAULT; Schema: public; Owner: jano_admin
--

ALTER TABLE ONLY jano_grupo_aplicacion ALTER COLUMN grupo_aplicacion_id SET DEFAULT nextval('jano_grupo_aplicacion_grupo_aplicacion_id_seq'::regclass);


--
-- Name: id_grupo; Type: DEFAULT; Schema: public; Owner: jano_admin
--

ALTER TABLE ONLY jano_grupo_menu ALTER COLUMN id_grupo SET DEFAULT nextval('jano_grupo_menu_id_grupo_seq'::regclass);


--
-- Name: id; Type: DEFAULT; Schema: public; Owner: jano_admin
--

ALTER TABLE ONLY jano_logger ALTER COLUMN id SET DEFAULT nextval('jano_logger_id_seq'::regclass);


--
-- Name: id_menu; Type: DEFAULT; Schema: public; Owner: jano_admin
--

ALTER TABLE ONLY jano_menu ALTER COLUMN id_menu SET DEFAULT nextval('jano_menu_id_menu_seq'::regclass);


--
-- Name: id_pagina; Type: DEFAULT; Schema: public; Owner: jano_admin
--

ALTER TABLE ONLY jano_pagina ALTER COLUMN id_pagina SET DEFAULT nextval('jano_pagina_id_pagina_seq'::regclass);


--
-- Name: rol_id; Type: DEFAULT; Schema: public; Owner: jano_admin
--

ALTER TABLE ONLY jano_rol ALTER COLUMN rol_id SET DEFAULT nextval('jano_rol_rol_id_seq'::regclass);


--
-- Name: id_subsistema; Type: DEFAULT; Schema: public; Owner: jano_admin
--

ALTER TABLE ONLY jano_subsistema ALTER COLUMN id_subsistema SET DEFAULT nextval('jano_subsistema_id_subsistema_seq'::regclass);


--
-- Name: id_usuario; Type: DEFAULT; Schema: public; Owner: jano_admin
--

ALTER TABLE ONLY jano_usuario ALTER COLUMN id_usuario SET DEFAULT nextval('jano_usuario_id_usuario_seq'::regclass);


--
-- Data for Name: jano_bloque; Type: TABLE DATA; Schema: public; Owner: jano_admin
--

COPY jano_bloque (id_bloque, nombre, descripcion, grupo) FROM stdin;
-1	menuLateral                                       	Menú lateral módulo de desarrollo.                                                                                                                                                                                                                             	development                                                                                                                                                                                             
-3	banner                                            	Banner módulo de desarrollo.                                                                                                                                                                                                                                   	development                                                                                                                                                                                             
-4	cruder                                            	Módulo para crear módulos CRUD.                                                                                                                                                                                                                                	development                                                                                                                                                                                             
-5	desenlace                                         	Módulo de gestión de desenlace.                                                                                                                                                                                                                                	development                                                                                                                                                                                             
-6	registro                                          	Módulo para registrar páginas o módulos.                                                                                                                                                                                                                       	development                                                                                                                                                                                             
-7	constructor                                       	Módulo para diseñar páginas.                                                                                                                                                                                                                                   	development                                                                                                                                                                                             
-8	contenidoCentral                                  	Contenido página principal de desarrollo.                                                                                                                                                                                                                      	development                                                                                                                                                                                             
-9	codificador                                       	Módulo para decodificar cadenas.                                                                                                                                                                                                                               	development                                                                                                                                                                                             
1	loginjano                                         	Login Principal                                                                                                                                                                                                                                                	registro                                                                                                                                                                                                
2	pie                                               	Pie de pagina                                                                                                                                                                                                                                                  	gui                                                                                                                                                                                                     
3	menu                                              	menu sistema jano                                                                                                                                                                                                                                              	gui                                                                                                                                                                                                     
5	bannerUsuario                                     	bloque para mostrar la zona del banner                                                                                                                                                                                                                         	gui                                                                                                                                                                                                     
6	gestionUsuarios                                   	bloque de gestionar usuarios                                                                                                                                                                                                                                   	usuarios                                                                                                                                                                                                
-2	pie                                               	Pie de página módulo de desarrollo.                                                                                                                                                                                                                            	development                                                                                                                                                                                             
9	indexPres                                         	Bloque para animación inicial                                                                                                                                                                                                                                  	gui                                                                                                                                                                                                     
4	reportico                                         	Bloque para gestionar reportes                                                                                                                                                                                                                                 	reportes                                                                                                                                                                                                
7	agregarDependencia                                	Bloque para agregar dependencias                                                                                                                                                                                                                               	reportes/dependencia                                                                                                                                                                                    
8	consultaGeneral                                   	Bloque para realizar consultas generales al aplicativo                                                                                                                                                                                                         	reportes                                                                                                                                                                                                
10	cambiarClave                                      	Bloque que permite el cambio de contraseñas a los usuarios                                                                                                                                                                                                     	usuarios                                                                                                                                                                                                
11	gestionRoles                                      	Bloque que permite la gestión de Roles de usuario                                                                                                                                                                                                              	usuarios                                                                                                                                                                                                
-10	plugin                                            	Módulo para agregar plugin preconfigurados.                                                                                                                                                                                                                    	development                                                                                                                                                                                             
-11	saraFormCreator                                   	Módulo para crear formulario con la recomendación de bloques de SARA.                                                                                                                                                                                          	development                                                                                                                                                                                             
-12	formatearSQL                                      	Módulo para formatear cadenas SQL para el archivo SQL.class.php recomendado en SARA.                                                                                                                                                                           	development                                                                                                                                                                                             
\.


--
-- Name: jano_bloque_id_bloque_seq; Type: SEQUENCE SET; Schema: public; Owner: jano_admin
--

SELECT pg_catalog.setval('jano_bloque_id_bloque_seq', 9, true);


--
-- Data for Name: jano_bloque_pagina; Type: TABLE DATA; Schema: public; Owner: jano_admin
--

COPY jano_bloque_pagina (idrelacion, id_pagina, id_bloque, seccion, posicion) FROM stdin;
1	-1	-1	B	1
2	-1	-2	E	1
3	-1	-3	A	1
4	-1	-8	C	1
5	-2	-1	B	1
6	-2	-2	E	1
7	-2	-3	A	1
8	-2	-4	C	1
9	-3	-1	B	1
10	-3	-2	E	1
11	-3	-3	A	1
12	-3	-5	C	1
13	-4	-1	B	1
14	-4	-2	E	1
15	-4	-3	A	1
16	-4	-9	C	1
17	-5	-1	B	1
18	-5	-2	E	1
19	-5	-3	A	1
20	-5	-6	C	1
21	-6	-1	B	1
22	-6	-2	E	1
23	-6	-3	A	1
24	-6	-7	C	1
65	8	2	E	1
64	8	3	A	2
63	8	5	A	1
62	8	11	C	1
61	7	2	E	1
60	7	3	A	2
59	7	5	A	1
58	7	10	C	1
57	6	9	C	1
56	6	2	E	1
55	6	5	A	1
54	6	3	A	2
53	5	5	A	1
52	5	3	A	2
51	5	2	E	1
50	5	8	C	1
49	4	2	E	1
48	4	3	A	2
47	4	5	A	1
46	4	7	C	1
45	3	2	E	1
44	3	3	A	2
43	3	5	A	1
42	3	6	C	2
41	2	5	A	1
40	2	3	A	2
39	2	2	E	1
38	2	4	C	1
37	1	1	C	1
25	-7	-1	B	1
26	-7	-2	E	1
27	-7	-3	A	1
28	-7	-10	C	1
29	-8	-1	B	1
30	-8	-2	E	1
31	-8	-3	A	1
32	-8	-11	C	1
33	-9	-1	B	1
34	-9	-2	E	1
35	-9	-3	A	1
36	-9	-12	C	1
\.


--
-- Name: jano_bloque_pagina_idrelacion_seq; Type: SEQUENCE SET; Schema: public; Owner: jano_admin
--

SELECT pg_catalog.setval('jano_bloque_pagina_idrelacion_seq', 57, true);


--
-- Data for Name: jano_configuracion; Type: TABLE DATA; Schema: public; Owner: jano_admin
--

COPY jano_configuracion (id_parametro, parametro, valor) FROM stdin;
1	dbesquema                                                                                                                                                                                                                                                      	                                                                                                                                                                                                                                                               
2	prefijo                                                                                                                                                                                                                                                        	jano_                                                                                                                                                                                                                                                          
4	raizDocumento                                                                                                                                                                                                                                                  	/usr/local/apache/htdocs/jano                                                                                                                                                                                                                                  
6	site                                                                                                                                                                                                                                                           	/jano                                                                                                                                                                                                                                                          
7	nombreAdministrador                                                                                                                                                                                                                                            	administrador                                                                                                                                                                                                                                                  
10	enlace                                                                                                                                                                                                                                                         	data                                                                                                                                                                                                                                                           
11	estiloPredeterminado                                                                                                                                                                                                                                           	smoothness                                                                                                                                                                                                                                                     
12	googlemaps                                                                                                                                                                                                                                                     	                                                                                                                                                                                                                                                               
13	recatchapublica                                                                                                                                                                                                                                                	                                                                                                                                                                                                                                                               
14	recatchaprivada                                                                                                                                                                                                                                                	                                                                                                                                                                                                                                                               
9	correoAdministrador                                                                                                                                                                                                                                            	computo@udistrital.edu.co                                                                                                                                                                                                                                      
8	claveAdministrador                                                                                                                                                                                                                                             	E35PvYzupWdymzSvQtFk10Zrh7AtRhlD75stTwP__78                                                                                                                                                                                                                    
16	instalado                                                                                                                                                                                                                                                      	true                                                                                                                                                                                                                                                           
17	debugMode                                                                                                                                                                                                                                                      	false                                                                                                                                                                                                                                                          
18	dbPrincipal                                                                                                                                                                                                                                                    	jano                                                                                                                                                                                                                                                           
15	expiracion                                                                                                                                                                                                                                                     	999                                                                                                                                                                                                                                                            
20	hostCorreo                                                                                                                                                                                                                                                     	200.69.103.49                                                                                                                                                                                                                                                  
21	cuentaCorreo                                                                                                                                                                                                                                                   	condor@udistrital.edu.co                                                                                                                                                                                                                                       
22	claveCorreo                                                                                                                                                                                                                                                    	CondorOAS2012                                                                                                                                                                                                                                                  
3	nombreAplicativo                                                                                                                                                                                                                                               	Sistema de Gestión de Concursos - JANO                                                                                                                                                                                                                         
5	host                                                                                                                                                                                                                                                           	http://localhost                                                                                                                                                                                                                                               
19	hostSeguro                                                                                                                                                                                                                                                     	https://localhost                                                                                                                                                                                                                                              
\.


--
-- Name: jano_configuracion_id_parametro_seq; Type: SEQUENCE SET; Schema: public; Owner: jano_admin
--

SELECT pg_catalog.setval('jano_configuracion_id_parametro_seq', 19, true);


--
-- Data for Name: jano_dbms; Type: TABLE DATA; Schema: public; Owner: jano_admin
--

COPY jano_dbms (idconexion, nombre, dbms, servidor, puerto, conexionssh, db, esquema, usuario, password) FROM stdin;
1	estructura	pgsql	localhost	5432		jano	public	jano_admin	Qafpff59Fog6W2mLFPJi-Upr5RIn7fb80GCbTrMrjUM
\.


--
-- Name: jano_dbms_idconexion_seq; Type: SEQUENCE SET; Schema: public; Owner: jano_admin
--

SELECT pg_catalog.setval('jano_dbms_idconexion_seq', 2, true);


--
-- Data for Name: jano_enlace; Type: TABLE DATA; Schema: public; Owner: jano_admin
--

COPY jano_enlace (id_enlace, nombre, etiqueta, descripcion, url_host_enlace, pagina_enlace, parametros) FROM stdin;
2	Reportes	Administrar Reportes	Enlace para la pagina de gestión administrativa de reportes	\N	reportico	&informes=admin&acceso=
1	Usuarios	Gestión Usuarios	Enlace para la pagina de gestión de usuarios	\N	gestionUsuarios	
3	Roles de Usuarios	Gestión Roles	Enlace para la pagina de gestión de Roles de usuarios	\N	gestionRoles	
4	Reportes Muestra	Reportes muestra	Enlace para la pagina de gestión de reportes	\N	reportico	&informes=presupuesto&acceso=presupuestoTike&reporte=ordenesPago_anuladas
\.


--
-- Name: jano_enlace_id_enlace_seq; Type: SEQUENCE SET; Schema: public; Owner: jano_admin
--

SELECT pg_catalog.setval('jano_enlace_id_enlace_seq', 1, false);


--
-- Data for Name: jano_estado_registro; Type: TABLE DATA; Schema: public; Owner: jano_admin
--

COPY jano_estado_registro (estado_registro_id, estado_registro_nombre, estado_registro_alias, estado_registro_descripcion) FROM stdin;
0	inactivo	Inactivo	Estado que indica que el registro no es usable
1	activo	Activo	Estado que indica que el registro es usable
2	creado	Creado	Estado que indica que el registro acaba de ser creado
\.


--
-- Name: jano_estado_registro_estado_registro_id_seq; Type: SEQUENCE SET; Schema: public; Owner: jano_admin
--

SELECT pg_catalog.setval('jano_estado_registro_estado_registro_id_seq', 3, true);


--
-- Data for Name: jano_estilo; Type: TABLE DATA; Schema: public; Owner: jano_admin
--

COPY jano_estilo (usuario, estilo) FROM stdin;
\.


--
-- Data for Name: jano_grupo_aplicacion; Type: TABLE DATA; Schema: public; Owner: jano_admin
--

COPY jano_grupo_aplicacion (grupo_aplicacion_id, grupo_aplicacion_nombre, grupo_aplicacion_alias, grupo_aplicacion_descripcion) FROM stdin;
1	core	Core	Objetos a usar core
2	usuarios	Usuarios	Objetos componente de usuarios
3	reglas	Reglas	Objetos componente de reglas
4	procesos	Procesos	Objetos componente de procesos
5	documentos	Documentos	Objetos componente documentos
\.


--
-- Name: jano_grupo_aplicacion_grupo_aplicacion_id_seq; Type: SEQUENCE SET; Schema: public; Owner: jano_admin
--

SELECT pg_catalog.setval('jano_grupo_aplicacion_grupo_aplicacion_id_seq', 1, false);


--
-- Data for Name: jano_grupo_menu; Type: TABLE DATA; Schema: public; Owner: jano_admin
--

COPY jano_grupo_menu (id_grupo, id_menu, nombre, etiqueta, descripcion, estado, id_grupo_padre, posicion) FROM stdin;
1	1	Administración de usuarios	Usuarios	Grupo de menu que agrupa las opciones de administración de usuarios	1	0	1
2	1	Administración de Reportes	Reportes	Grupo de menu que agrupa las opciones de administración de reportes	1	0	2
\.


--
-- Name: jano_grupo_menu_id_grupo_seq; Type: SEQUENCE SET; Schema: public; Owner: jano_admin
--

SELECT pg_catalog.setval('jano_grupo_menu_id_grupo_seq', 1, false);


--
-- Data for Name: jano_log_usuario; Type: TABLE DATA; Schema: public; Owner: jano_admin
--

COPY jano_log_usuario (id_usuario, accion, id_registro, tipo_registro, fecha_log, nombre_registro, descripcion, host) FROM stdin;
CC37440348	REGISTRO	CC37440348	AUTOREGISTRO USUARIO	February 23, 2017, 12:14:32 pm	id_usuario=>CC37440348|identificacion=>37440348|tipo_identificacion=>CC|nombres=>MARIA|apellidos=>ROSAS|correo=>lolytarosas@gmail.com|telefono=>123456|subsistema=>3|perfil=>2|fechaIni=>2017-02-23|fechaFin=>2027-02-23	Auto-Registro de nuevo Usuario CC37440348 con perfil Concursante	127.0.0.1
CC37440348	INGRESO	CC37440348|9bb458278a15e0fd1e9e7e1db7af2115	LOGIN	February 23, 2017, 12:14:51 pm	["autenticacionExitosa","CC37440348","127.0.0.1","Mozilla\\/5.0 (X11; Ubuntu; Linux x86_64; rv:51.0) Gecko\\/20100101 Firefox\\/51.0"]	Ingreso al sistemas del usuario CC37440348 con la sesion 9bb458278a15e0fd1e9e7e1db7af2115	127.0.0.1
CC37440348	SALIDA	CC37440348|9bb458278a15e0fd1e9e7e1db7af2115	LOGOUT	February 23, 2017, 12:33:23 pm	["CierreSesion","CC37440348","127.0.0.1","Mozilla\\/5.0 (X11; Ubuntu; Linux x86_64; rv:51.0) Gecko\\/20100101 Firefox\\/51.0"]	Salida al sistemas del usuario CC37440348 con la sesion 9bb458278a15e0fd1e9e7e1db7af2115	127.0.0.1
CC37440348	INGRESO	CC37440348|0ca90bd5a4d58533fb31b54837134f88	LOGIN	February 23, 2017, 12:33:36 pm	["autenticacionExitosa","CC37440348","127.0.0.1","Mozilla\\/5.0 (X11; Ubuntu; Linux x86_64; rv:51.0) Gecko\\/20100101 Firefox\\/51.0"]	Ingreso al sistemas del usuario CC37440348 con la sesion 0ca90bd5a4d58533fb31b54837134f88	127.0.0.1
CC37440348	SALIDA	CC37440348|0ca90bd5a4d58533fb31b54837134f88	LOGOUT	February 23, 2017, 12:33:46 pm	["CierreSesion","CC37440348","127.0.0.1","Mozilla\\/5.0 (X11; Ubuntu; Linux x86_64; rv:51.0) Gecko\\/20100101 Firefox\\/51.0"]	Salida al sistemas del usuario CC37440348 con la sesion 0ca90bd5a4d58533fb31b54837134f88	127.0.0.1
\.


--
-- Data for Name: jano_logger; Type: TABLE DATA; Schema: public; Owner: jano_admin
--

COPY jano_logger (id, evento, fecha) FROM stdin;
\.


--
-- Name: jano_logger_id_seq; Type: SEQUENCE SET; Schema: public; Owner: jano_admin
--

SELECT pg_catalog.setval('jano_logger_id_seq', 1, false);


--
-- Data for Name: jano_menu; Type: TABLE DATA; Schema: public; Owner: jano_admin
--

COPY jano_menu (id_menu, nombre, etiqueta, descripcion, estado) FROM stdin;
1	Administración General	Administrar	Menu para la administración y configuración del sistema jano	1
2	Gestor de Reportes General	Reportes	Menu para a los proyectos del gestor de reportes reportico	1
\.


--
-- Name: jano_menu_id_menu_seq; Type: SEQUENCE SET; Schema: public; Owner: jano_admin
--

SELECT pg_catalog.setval('jano_menu_id_menu_seq', 1, false);


--
-- Data for Name: jano_pagina; Type: TABLE DATA; Schema: public; Owner: jano_admin
--

COPY jano_pagina (id_pagina, nombre, descripcion, modulo, nivel, parametro) FROM stdin;
-1	development                                       	Index módulo de desarrollo.                                                                                                                                                                                                                               	development                                       	0	jquery=true                                                                                                                                                                                                                                                    
-2	cruder                                            	Generador módulos CRUD.                                                                                                                                                                                                                                   	development                                       	0	jquery=true                                                                                                                                                                                                                                                    
-3	desenlace                                         	Analizar enlaces.                                                                                                                                                                                                                                         	development                                       	0	jquery=true                                                                                                                                                                                                                                                    
-4	codificador                                       	Codificar/decodificar cadenas.                                                                                                                                                                                                                            	development                                       	0	jquery=true                                                                                                                                                                                                                                                    
-5	registro                                          	Registrar páginas o módulos.                                                                                                                                                                                                                              	development                                       	0	jquery=true                                                                                                                                                                                                                                                    
-6	constructor                                       	Diseñar páginas.                                                                                                                                                                                                                                          	development                                       	0	jquery=true                                                                                                                                                                                                                                                    
2	reportico                                         	Pagina para gestionar reportes                                                                                                                                                                                                                            	gestión reportes                                  	0	jquery=true                                                                                                                                                                                                                                                    
3	gestionUsuarios                                   	Usuarios                                                                                                                                                                                                                                                  	usuarios                                          	1	jquery=true&datatables=true&bootstrapcss=true                                                                                                                                                                                                                  
4	agregarDependencia                                	Pagina que permite registrar dependencias                                                                                                                                                                                                                 	gestión dependencias                              	0	jquery=true                                                                                                                                                                                                                                                    
5	consultaGeneral                                   	Página para gestionar consultas generales al aplicativo                                                                                                                                                                                                   	gestión consultas jano                            	0	jquery=true                                                                                                                                                                                                                                                    
6	indexjano                                         	Página para el index todo poderoso                                                                                                                                                                                                                        	index general                                     	0	jquery=true                                                                                                                                                                                                                                                    
7	cambiarClave                                      	Pagina que permite el cambio de contraseñas a los usuarios                                                                                                                                                                                                	Gestión Usuarios                                  	1	jquery=true                                                                                                                                                                                                                                                    
8	gestionRoles                                      	Pagina que permite el gestionar los Roles de usuario                                                                                                                                                                                                      	Gestión Usuarios                                  	1	jquery=true                                                                                                                                                                                                                                                    
-7	plugin                                            	Agregar plugin preconfigurados.                                                                                                                                                                                                                           	development                                       	0	jquery=true&jquery-ui=true&jquery-validation=true                                                                                                                                                                                                              
-8	saraFormCreator                                   	Módulo SARA form creator.                                                                                                                                                                                                                                 	development                                       	0	jquery=true&jquery-ui=true&jquery-validation=true                                                                                                                                                                                                              
-9	formatearSQL                                      	Módulo Formatear/Desformatear SQL.                                                                                                                                                                                                                        	development                                       	0	jquery=true&jquery-ui=true&jquery-validation=true                                                                                                                                                                                                              
1	index                                             	Pagina Principal                                                                                                                                                                                                                                          	general                                           	0	jquery=true&datatables=true&bootstrapcss=true                                                                                                                                                                                                                  
\.


--
-- Name: jano_pagina_id_pagina_seq; Type: SEQUENCE SET; Schema: public; Owner: jano_admin
--

SELECT pg_catalog.setval('jano_pagina_id_pagina_seq', 9, true);


--
-- Data for Name: jano_rol; Type: TABLE DATA; Schema: public; Owner: jano_admin
--

COPY jano_rol (rol_id, rol_nombre, rol_alias, rol_descripcion, estado_registro_id, rol_fecha_registro) FROM stdin;
1	Administrador de Subsistema	Administrador	Administrador de subsistema	1	2015-03-03
0	Super Administrador	Administrador  General	Administrador General del Sistema Gestión de Concursos.	1	2015-03-04
2	Concursante	Concursante	Concursante	1	2017-02-23
\.


--
-- Name: jano_rol_rol_id_seq; Type: SEQUENCE SET; Schema: public; Owner: jano_admin
--

SELECT pg_catalog.setval('jano_rol_rol_id_seq', 4, true);


--
-- Data for Name: jano_rol_subsistema; Type: TABLE DATA; Schema: public; Owner: jano_admin
--

COPY jano_rol_subsistema (rol_id, id_subsistema, estado) FROM stdin;
1	2	1
0	1	1
2	3	1
\.


--
-- Data for Name: jano_servicio; Type: TABLE DATA; Schema: public; Owner: jano_admin
--

COPY jano_servicio (id_subsistema, rol_id, id_grupo, id_enlace, descripcion, estado) FROM stdin;
1	0	1	1	Servicio para administración de usuario General	1
1	0	2	2	Servicio para administración de Reportes General	1
2	1	1	1	Servicio para administración de Usuarios de subsistema de concursos	1
1	0	1	3	Servicio para administración de roles de usuario	1
\.


--
-- Data for Name: jano_subsistema; Type: TABLE DATA; Schema: public; Owner: jano_admin
--

COPY jano_subsistema (id_subsistema, nombre, etiketa, id_pagina, observacion) FROM stdin;
1	Portal Web Sistema Gestión de Concursos 	Sistema Gestión de Concursos	1	Subsistema para el perfil de acceso total a las funcionalidades del Portal Web del Sistema Gestión de Concursos.
2	Módulo Gestión	Gestión Concurso	6	Subsistema para administracion del sistema de Gestión de Concursos
3	Módulo ejecución concurso	Concurso	6	Subsistema para ejecucion de Concursos
\.


--
-- Name: jano_subsistema_id_subsistema_seq; Type: SEQUENCE SET; Schema: public; Owner: jano_admin
--

SELECT pg_catalog.setval('jano_subsistema_id_subsistema_seq', 1, false);


--
-- Data for Name: jano_tipo_identificacion; Type: TABLE DATA; Schema: public; Owner: jano_admin
--

COPY jano_tipo_identificacion (tipo_identificacion, tipo_nombre, tipo_estado) FROM stdin;
CC	Cedula Ciudadania	1
CE	Cedula Extranjeria	1
PAS	Pasaporte	1
NA	No Aplica	1
\.


--
-- Data for Name: jano_usuario; Type: TABLE DATA; Schema: public; Owner: jano_admin
--

COPY jano_usuario (id_usuario, nombre, apellido, correo, telefono, imagen, clave, tipo, estilo, idioma, estado, fecha_registro, identificacion, tipo_identificacion) FROM stdin;
1100000	Administrador	Pruebas	compuro@udistrital.edu.co	3239300	                                                                                                                                                                                                                                                               	5994a993cbde3035b4c9cff8146e0cba62121c3b	1	basico	es_es	1	2015-03-12	1	NA
CC79812212	Jairo	Lavado	jairolh@gmail.com	3239300	'                                                                                                                                                                                                                                                              	5994a993cbde3035b4c9cff8146e0cba62121c3b	1	basico	es_es	1	2015-06-02	79812212	CC
CC37440348	MARIA	ROSAS	lolytarosas@gmail.com	123456	N/A                                                                                                                                                                                                                                                            	dbccc855cd4f0e52f297be11dc72984ebaa42746	1	basico	es_es	1	2017-02-23	37440348	CC
\.


--
-- Name: jano_usuario_id_usuario_seq; Type: SEQUENCE SET; Schema: public; Owner: jano_admin
--

SELECT pg_catalog.setval('jano_usuario_id_usuario_seq', 1, false);


--
-- Data for Name: jano_usuario_subsistema; Type: TABLE DATA; Schema: public; Owner: jano_admin
--

COPY jano_usuario_subsistema (id_usuario, id_subsistema, rol_id, fecha_registro, fecha_caduca, estado) FROM stdin;
1100000	1	0	2015-07-01	2030-12-31	1
CC79812212	1	0	2015-07-01	2030-12-31	1
CC37440348	3	2	2017-02-23	2027-02-23	1
\.


--
-- Data for Name: jano_valor_sesion; Type: TABLE DATA; Schema: public; Owner: jano_admin
--

COPY jano_valor_sesion (sesionid, variable, valor, expiracion) FROM stdin;
\.


--
-- Name: estado_registro_pk; Type: CONSTRAINT; Schema: public; Owner: jano_admin; Tablespace: 
--

ALTER TABLE ONLY jano_estado_registro
    ADD CONSTRAINT estado_registro_pk PRIMARY KEY (estado_registro_id);


--
-- Name: grupo_aplicacion_pk; Type: CONSTRAINT; Schema: public; Owner: jano_admin; Tablespace: 
--

ALTER TABLE ONLY jano_grupo_aplicacion
    ADD CONSTRAINT grupo_aplicacion_pk PRIMARY KEY (grupo_aplicacion_id);


--
-- Name: jano_bloque_pagina_pkey; Type: CONSTRAINT; Schema: public; Owner: jano_admin; Tablespace: 
--

ALTER TABLE ONLY jano_bloque_pagina
    ADD CONSTRAINT jano_bloque_pagina_pkey PRIMARY KEY (idrelacion);


--
-- Name: jano_bloque_pkey; Type: CONSTRAINT; Schema: public; Owner: jano_admin; Tablespace: 
--

ALTER TABLE ONLY jano_bloque
    ADD CONSTRAINT jano_bloque_pkey PRIMARY KEY (id_bloque);


--
-- Name: jano_configuracion_pkey; Type: CONSTRAINT; Schema: public; Owner: jano_admin; Tablespace: 
--

ALTER TABLE ONLY jano_configuracion
    ADD CONSTRAINT jano_configuracion_pkey PRIMARY KEY (id_parametro);


--
-- Name: jano_dbms_pkey; Type: CONSTRAINT; Schema: public; Owner: jano_admin; Tablespace: 
--

ALTER TABLE ONLY jano_dbms
    ADD CONSTRAINT jano_dbms_pkey PRIMARY KEY (idconexion);


--
-- Name: jano_enlace_pk; Type: CONSTRAINT; Schema: public; Owner: jano_admin; Tablespace: 
--

ALTER TABLE ONLY jano_enlace
    ADD CONSTRAINT jano_enlace_pk PRIMARY KEY (id_enlace);


--
-- Name: jano_estilo_pkey; Type: CONSTRAINT; Schema: public; Owner: jano_admin; Tablespace: 
--

ALTER TABLE ONLY jano_estilo
    ADD CONSTRAINT jano_estilo_pkey PRIMARY KEY (usuario, estilo);


--
-- Name: jano_grupo_menu_pk; Type: CONSTRAINT; Schema: public; Owner: jano_admin; Tablespace: 
--

ALTER TABLE ONLY jano_grupo_menu
    ADD CONSTRAINT jano_grupo_menu_pk PRIMARY KEY (id_grupo);


--
-- Name: jano_menu_pk; Type: CONSTRAINT; Schema: public; Owner: jano_admin; Tablespace: 
--

ALTER TABLE ONLY jano_menu
    ADD CONSTRAINT jano_menu_pk PRIMARY KEY (id_menu);


--
-- Name: jano_pagina_pkey; Type: CONSTRAINT; Schema: public; Owner: jano_admin; Tablespace: 
--

ALTER TABLE ONLY jano_pagina
    ADD CONSTRAINT jano_pagina_pkey PRIMARY KEY (id_pagina);


--
-- Name: jano_rol_subsistema_pk; Type: CONSTRAINT; Schema: public; Owner: jano_admin; Tablespace: 
--

ALTER TABLE ONLY jano_rol_subsistema
    ADD CONSTRAINT jano_rol_subsistema_pk PRIMARY KEY (rol_id, id_subsistema);


--
-- Name: jano_servicio_pk; Type: CONSTRAINT; Schema: public; Owner: jano_admin; Tablespace: 
--

ALTER TABLE ONLY jano_servicio
    ADD CONSTRAINT jano_servicio_pk PRIMARY KEY (id_subsistema, rol_id, id_grupo, id_enlace);


--
-- Name: jano_subsistema_pkey; Type: CONSTRAINT; Schema: public; Owner: jano_admin; Tablespace: 
--

ALTER TABLE ONLY jano_subsistema
    ADD CONSTRAINT jano_subsistema_pkey PRIMARY KEY (id_subsistema);


--
-- Name: jano_usuario_pkey; Type: CONSTRAINT; Schema: public; Owner: jano_admin; Tablespace: 
--

ALTER TABLE ONLY jano_usuario
    ADD CONSTRAINT jano_usuario_pkey PRIMARY KEY (id_usuario);


--
-- Name: jano_usuario_subsistema_pk; Type: CONSTRAINT; Schema: public; Owner: jano_admin; Tablespace: 
--

ALTER TABLE ONLY jano_usuario_subsistema
    ADD CONSTRAINT jano_usuario_subsistema_pk PRIMARY KEY (id_usuario, id_subsistema, rol_id);


--
-- Name: jano_valor_sesion_pkey; Type: CONSTRAINT; Schema: public; Owner: jano_admin; Tablespace: 
--

ALTER TABLE ONLY jano_valor_sesion
    ADD CONSTRAINT jano_valor_sesion_pkey PRIMARY KEY (sesionid, variable);


--
-- Name: rol_pk; Type: CONSTRAINT; Schema: public; Owner: jano_admin; Tablespace: 
--

ALTER TABLE ONLY jano_rol
    ADD CONSTRAINT rol_pk PRIMARY KEY (rol_id);


--
-- Name: tipo_identificacion_pk; Type: CONSTRAINT; Schema: public; Owner: jano_admin; Tablespace: 
--

ALTER TABLE ONLY jano_tipo_identificacion
    ADD CONSTRAINT tipo_identificacion_pk PRIMARY KEY (tipo_identificacion);


--
-- Name: jano_enlace_jano_servicio_fk; Type: FK CONSTRAINT; Schema: public; Owner: jano_admin
--

ALTER TABLE ONLY jano_servicio
    ADD CONSTRAINT jano_enlace_jano_servicio_fk FOREIGN KEY (id_enlace) REFERENCES jano_enlace(id_enlace);


--
-- Name: jano_grupo_menu_jano_servicio_fk; Type: FK CONSTRAINT; Schema: public; Owner: jano_admin
--

ALTER TABLE ONLY jano_servicio
    ADD CONSTRAINT jano_grupo_menu_jano_servicio_fk FOREIGN KEY (id_grupo) REFERENCES jano_grupo_menu(id_grupo);


--
-- Name: jano_menu_jano_grupo_menu_fk; Type: FK CONSTRAINT; Schema: public; Owner: jano_admin
--

ALTER TABLE ONLY jano_grupo_menu
    ADD CONSTRAINT jano_menu_jano_grupo_menu_fk FOREIGN KEY (id_menu) REFERENCES jano_menu(id_menu);


--
-- Name: jano_rol_jano_rol_subsistema_fk; Type: FK CONSTRAINT; Schema: public; Owner: jano_admin
--

ALTER TABLE ONLY jano_rol_subsistema
    ADD CONSTRAINT jano_rol_jano_rol_subsistema_fk FOREIGN KEY (rol_id) REFERENCES jano_rol(rol_id);


--
-- Name: jano_rol_jano_servicio_fk; Type: FK CONSTRAINT; Schema: public; Owner: jano_admin
--

ALTER TABLE ONLY jano_servicio
    ADD CONSTRAINT jano_rol_jano_servicio_fk FOREIGN KEY (rol_id) REFERENCES jano_rol(rol_id);


--
-- Name: jano_rol_jano_usuario_subsistema_fk; Type: FK CONSTRAINT; Schema: public; Owner: jano_admin
--

ALTER TABLE ONLY jano_usuario_subsistema
    ADD CONSTRAINT jano_rol_jano_usuario_subsistema_fk FOREIGN KEY (rol_id) REFERENCES jano_rol(rol_id);


--
-- Name: jano_subsistema_jano_rol_subsistema_fk; Type: FK CONSTRAINT; Schema: public; Owner: jano_admin
--

ALTER TABLE ONLY jano_rol_subsistema
    ADD CONSTRAINT jano_subsistema_jano_rol_subsistema_fk FOREIGN KEY (id_subsistema) REFERENCES jano_subsistema(id_subsistema);


--
-- Name: jano_subsistema_jano_servicio_fk; Type: FK CONSTRAINT; Schema: public; Owner: jano_admin
--

ALTER TABLE ONLY jano_servicio
    ADD CONSTRAINT jano_subsistema_jano_servicio_fk FOREIGN KEY (id_subsistema) REFERENCES jano_subsistema(id_subsistema);


--
-- Name: jano_subsistema_jano_usuario_subsistema_fk; Type: FK CONSTRAINT; Schema: public; Owner: jano_admin
--

ALTER TABLE ONLY jano_usuario_subsistema
    ADD CONSTRAINT jano_subsistema_jano_usuario_subsistema_fk FOREIGN KEY (id_subsistema) REFERENCES jano_subsistema(id_subsistema);


--
-- Name: jano_usuario_jano_log_usuario_fk; Type: FK CONSTRAINT; Schema: public; Owner: jano_admin
--

ALTER TABLE ONLY jano_log_usuario
    ADD CONSTRAINT jano_usuario_jano_log_usuario_fk FOREIGN KEY (id_usuario) REFERENCES jano_usuario(id_usuario);


--
-- Name: jano_usuario_jano_usuario_subsistema_fk; Type: FK CONSTRAINT; Schema: public; Owner: jano_admin
--

ALTER TABLE ONLY jano_usuario_subsistema
    ADD CONSTRAINT jano_usuario_jano_usuario_subsistema_fk FOREIGN KEY (id_usuario) REFERENCES jano_usuario(id_usuario);


--
-- Name: jano_usuario_tipo_identificacion_pk; Type: FK CONSTRAINT; Schema: public; Owner: jano_admin
--

ALTER TABLE ONLY jano_usuario
    ADD CONSTRAINT jano_usuario_tipo_identificacion_pk FOREIGN KEY (tipo_identificacion) REFERENCES jano_tipo_identificacion(tipo_identificacion);


--
-- Name: relaciones_estados_fk; Type: FK CONSTRAINT; Schema: public; Owner: jano_admin
--

ALTER TABLE ONLY jano_rol
    ADD CONSTRAINT relaciones_estados_fk FOREIGN KEY (estado_registro_id) REFERENCES jano_estado_registro(estado_registro_id) ON DELETE SET NULL;


--
-- Name: public; Type: ACL; Schema: -; Owner: postgres
--

REVOKE ALL ON SCHEMA public FROM PUBLIC;
REVOKE ALL ON SCHEMA public FROM postgres;
GRANT ALL ON SCHEMA public TO postgres;
GRANT ALL ON SCHEMA public TO PUBLIC;


--
-- PostgreSQL database dump complete
--

